,name
None,680
a,55
Charlie,11
Lucy,11
Oliver,10
Cooper,10
Penny,9
Tucker,9
the,8
Winston,8
Lola,8
Sadie,8
Daisy,7
Toby,7
Stanley,6
an,6
Jax,6
Oscar,6
Bella,6
Bailey,6
Bo,6
Koda,6
Rusty,5
Dave,5
Milo,5
Louis,5
Buddy,5
Leo,5
Bentley,5
Chester,5
Scout,5
Alfie,4
Dexter,4
Larry,4
Sophie,4
Finn,4
Derek,4
Oakley,4
Archie,4
Jeffrey,4
Phil,4
Jerry,4
Sammy,4
George,4
Maggie,4
Cassie,4
one,4
Clarence,4
Chip,4
Brody,4
Gus,4
Boomer,4
very,4
Jack,4
Duke,4
Reggie,4
Scooter,4
Bear,4
Gary,4
Clark,4
Winnie,4
Zoey,3
Loki,3
Nala,3
Shadow,3
Doug,3
Wilson,3
Wallace,3
Moose,3
Beau,3
Steven,3
Ellie,3
Sunny,3
Wyatt,3
Kyle,3
Bruce,3
Lily,3
Ted,3
Earl,3
Klevin,3
Olive,3
Maximus,3
Mia,3
Sebastian,3
quite,3
Zeke,3
just,3
Gerald,3
Max,3
Malcolm,3
Reese,3
Luna,3
Rosie,3
Vincent,3
Ruby,3
Waffles,3
Samson,3
Reginald,3
Otis,3
Hank,3
Calvin,3
Walter,3
Riley,3
Gizmo,3
Carl,3
Jimothy,3
Louie,3
Layla,2
Eli,2
Romeo,2
Keurig,2
Odie,2
Cody,2
Atlas,2
Bob,2
Chipson,2
Trooper,2
Churlie,2
Rufus,2
Curtis,2
Lorenzo,2
Indie,2
Cupcake,2
CeCe,2
Remington,2
Linda,2
Dakota,2
Solomon,2
Dash,2
Jesse,2
Charles,2
Sandy,2
Fred,2
Panda,2
Aspen,2
Opal,2
Colby,2
Roosevelt,2
Kilo,2
Patrick,2
Abby,2
Ash,2
Elliot,2
Misty,2
Ava,2
Lincoln,2
Benji,2
Penelope,2
Terry,2
Maddie,2
Luca,2
Chet,2
Jackson,2
Axel,2
Sam,2
Ozzy,2
Gabe,2
Flávio,2
Albert,2
Tyr,2
Raymond,2
Sampson,2
Calbert,2
Rocky,2
Rory,2
Sugar,2
Lou,2
Kenneth,2
Django,2
Coco,2
Bubbles,2
Sarge,2
Cash,2
Herald,2
Blitz,2
Coops,2
Marley,2
Smokey,2
Belle,2
Yogi,2
Titan,2
Mister,2
Hunter,2
Hammond,2
Albus,2
Jiminy,2
Peaches,2
Ollie,2
Frank,2
Benedict,2
Baxter,2
Griffin,2
Rocco,2
Bisquick,2
Jeph,2
Arnie,2
Pippa,2
Olivia,2
Kirby,2
Moe,2
Herm,2
Watson,2
Bernie,2
not,2
Nelly,2
Paisley,2
Piper,2
Phineas,2
Frankie,2
Juno,2
Kreggory,2
Hobbes,2
Alice,2
Atticus,2
Crystal,2
Maxaroni,2
Lennon,2
Kreg,2
Theodore,2
Phred,2
Oshie,2
Finley,2
Fiona,2
Keith,2
Chuckles,2
actually,2
Neptune,2
Harold,2
Lenny,2
getting,2
Jimison,2
Thumas,2
Oliviér,2
Doc,2
Percy,2
Wally,2
Franklin,2
Brad,2
Kevin,2
Pickles,2
Sansa,2
light,1
Ole,1
Scott,1
Willie,1
Rorie,1
Holly,1
Oreo,1
Kevon,1
Sora,1
Obie,1
Gidget,1
Lizzie,1
Tobi,1
Acro,1
Dale,1
Boston,1
Karl,1
Zooey,1
Bodie,1
Dook,1
Lolo,1
Robin,1
Miley,1
Ferg,1
Brutus,1
Monkey,1
Kenzie,1
Livvie,1
Pepper,1
Jersey,1
Levi,1
Scruffers,1
Stella,1
Jeffri,1
Brian,1
Andru,1
Millie,1
Dobby,1
Todo,1
Ember,1
Tove,1
Tino,1
Pancake,1
Gordon,1
Ester,1
Mya,1
Florence,1
Ralphy,1
Carper,1
Autumn,1
Happy,1
Herschel,1
Roscoe,1
Toffee,1
Mauve,1
Bloop,1
Sparky,1
Bert,1
Kramer,1
Mosby,1
Laela,1
Lupe,1
Herb,1
Suki,1
Chelsea,1
Derby,1
Ronduh,1
Rudy,1
Rey,1
Blanket,1
Gunner,1
Beemo,1
Pupcasso,1
Ziva,1
Kirk,1
Kota,1
Baron,1
Winifred,1
Edd,1
Clybe,1
Juckson,1
Emmy,1
Cupid,1
Banditt,1
Mary,1
Raphael,1
Zuzu,1
Gromit,1
Buddah,1
Ginger,1
Sprout,1
Brandy,1
Finnegus,1
Major,1
Buckley,1
Shooter,1
Lulu,1
all,1
Snickers,1
Dot,1
Maisey,1
Nugget,1
Rinna,1
Orion,1
Burt,1
Stephan,1
Gin,1
Ralphson,1
Iggy,1
Mimosa,1
Chef,1
Carly,1
Tycho,1
Kara,1
mad,1
Franq,1
Ralph,1
Barney,1
Duchess,1
Snoop,1
Wafer,1
Asher,1
Seamus,1
Ruffles,1
Reagan,1
Gerbald,1
Lugan,1
Claude,1
Link,1
Karma,1
Cannon,1
Severus,1
Bruno,1
Brockly,1
Blu,1
Mona,1
Lili,1
Cheryl,1
Zeus,1
Arlo,1
Cuddles,1
Staniel,1
General,1
Edmund,1
Darby,1
Kallie,1
Klein,1
Pumpkin,1
Jay,1
Tuck,1
River,1
Huck,1
Cecil,1
Mack,1
Kyro,1
Gustav,1
Mitch,1
Apollo,1
Harvey,1
Jed,1
Billy,1
Eazy,1
Lucia,1
Remus,1
Coopson,1
Bronte,1
Taz,1
Julius,1
Kingsley,1
Jo,1
Baloo,1
Skittles,1
Einstein,1
Beckham,1
Corey,1
Dallas,1
Geno,1
Rizzo,1
Margo,1
Darla,1
Cheesy,1
Jeremy,1
Logan,1
Clarq,1
Molly,1
Evy,1
Reptar,1
Willem,1
Batdog,1
Peanut,1
Ronnie,1
Zoe,1
Diogi,1
Mingus,1
Crumpet,1
Carll,1
Zeek,1
Tassy,1
Flurpson,1
Gilbert,1
Bloo,1
Obi,1
Goose,1
Sprinkles,1
Grady,1
Dug,1
Cali,1
Tessa,1
officially,1
Boots,1
Sully,1
JD,1
Charleson,1
Shikha,1
Vixen,1
Kody,1
Chloe,1
Aubie,1
Nida,1
Nigel,1
Bobble,1
Lilli,1
Coleman,1
Dylan,1
Craig,1
Willow,1
Hazel,1
Chadrick,1
Bungalo,1
Aiden,1
Bell,1
Travis,1
infuriating,1
Ito,1
Rose,1
Moofasa,1
Sage,1
Fynn,1
Ron,1
Humphrey,1
Fwed,1
Tiger,1
Amélie,1
Spencer,1
Noosh,1
Deacon,1
Jarod,1
Maks,1
Samsom,1
Lorelei,1
Binky,1
Goliath,1
Dixie,1
Crawford,1
Chevy,1
Naphaniel,1
Norman,1
Dido,1
Creg,1
Steve,1
Rover,1
Jameson,1
Tilly,1
Pawnd,1
Snoopy,1
Jeb,1
Luther,1
Jarvis,1
Ivar,1
this,1
Mojo,1
Ambrose,1
Rambo,1
Eve,1
Stu,1
Kona,1
Harper,1
Chuck,1
Alexander,1
Bonaparte,1
Rueben,1
Trigger,1
Shawwn,1
Pavlov,1
Nico,1
Noah,1
Ace,1
Koko,1
Rumpole,1
Canela,1
Davey,1
Rhino,1
Chaz,1
Bobb,1
Karll,1
Linus,1
Erik,1
Dutch,1
Terrenth,1
Chesney,1
Michelangelope,1
Spanky,1
Rascal,1
Edgar,1
Hercules,1
Doobert,1
Dudley,1
Colin,1
Bode,1
Chase,1
Rodney,1
Pilot,1
incredibly,1
Milky,1
Antony,1
Marq,1
Hubertson,1
Bobby,1
Dietrich,1
Rooney,1
Rufio,1
Jerome,1
Harlso,1
Sobe,1
Damon,1
Devón,1
Rolf,1
Tyrone,1
Blakely,1
Patch,1
Mollie,1
Hanz,1
Anna,1
Socks,1
Mac,1
Jessifer,1
Keet,1
Ridley,1
Tupawc,1
Dunkin,1
Sundance,1
Emanuel,1
Anthony,1
Jett,1
Grizz,1
Taco,1
Shaggy,1
Ike,1
Stormy,1
Balto,1
Pluto,1
Chuq,1
Rizzy,1
Ralphie,1
Gustaf,1
Furzey,1
Alf,1
Laika,1
Theo,1
Tug,1
Kendall,1
Nimbus,1
Combo,1
Willy,1
Storkson,1
Ashleigh,1
Harrison,1
Shiloh,1
Butters,1
Rubio,1
Meera,1
Swagger,1
Berb,1
Sandra,1
Ralpher,1
Marvin,1
Geoff,1
Stark,1
Jazzy,1
Tommy,1
Tebow,1
Terrance,1
Maxwell,1
Sailor,1
Cleopatricia,1
Poppy,1
Jonah,1
Hero,1
Pete,1
Hermione,1
Wesley,1
Rupert,1
Grizzwald,1
Quinn,1
Alexanderson,1
Sonny,1
DayZ,1
Trevith,1
Tito,1
Kawhi,1
unacceptable,1
Shakespeare,1
Ralf,1
his,1
Benny,1
Shelby,1
Charl,1
Stuart,1
Anakin,1
Jiminus,1
Monster,1
Halo,1
Jebberson,1
Vinscent,1
Heinrich,1
Pippin,1
Marlee,1
Paull,1
Hall,1
Butter,1
Malikai,1
Stefan,1
Superpup,1
Schnitzel,1
Sierra,1
Emma,1
Mo,1
Joey,1
Astrid,1
Birf,1
Zara,1
Divine,1
Beya,1
Brownie,1
Mookie,1
Timmy,1
Shadoe,1
Kellogg,1
Jaspers,1
Griswold,1
Rumble,1
Odin,1
Eevee,1
Kayla,1
Darrel,1
Pinot,1
Sweet,1
Hamrick,1
Tom,1
Dwight,1
Tonks,1
Huxley,1
Freddery,1
Mike,1
Sweets,1
Banjo,1
Harnold,1
Ricky,1
Mattie,1
Shnuggles,1
Callie,1
by,1
Snicku,1
Barclay,1
Mabel,1
Wiggles,1
Howie,1
Richie,1
Dawn,1
Kobe,1
Ralphé,1
Bubba,1
life,1
Farfle,1
Skittle,1
Kenny,1
Aja,1
Eugene,1
Crouton,1
Smiley,1
Remy,1
Mairi,1
Julio,1
Perry,1
Pipsy,1
Napolean,1
Oddie,1
Bookstore,1
Walker,1
Loomis,1
Carter,1
Chompsky,1
Tess,1
Sojourner,1
Jeffrie,1
Jangle,1
Bayley,1
Duddles,1
Clarkus,1
Sid,1
Tango,1
Harry,1
Dotsy,1
Gòrdón,1
Jomathan,1
Philippe,1
Pubert,1
Cedrick,1
Clyde,1
Sky,1
Carbon,1
Comet,1
Arya,1
Fillup,1
Frönq,1
Danny,1
Olaf,1
Kuyu,1
Daniel,1
Bobbay,1
Stubert,1
Bowie,1
Amber,1
Rontu,1
Flash,1
Fletcher,1
Emmie,1
Ed,1
Randall,1
Sailer,1
Kaiya,1
Ken,1
Kollin,1
Skye,1
Angel,1
Donny,1
Jim,1
Yoda,1
Monty,1
Longfellow,1
Gert,1
Lenox,1
space,1
Henry,1
Beebop,1
such,1
Leonidas,1
Kaia,1
Jordy,1
Covach,1
Lillie,1
Traviss,1
Eleanor,1
Brudge,1
Amy,1
Kial,1
Liam,1
Aqua,1
Lilah,1
Brooks,1
Jackie,1
Biden,1
Kane,1
Mark,1
Glacier,1
Cora,1
Miguel,1
Timofy,1
Christoper,1
Andy,1
Lacy,1
Adele,1
Jazz,1
Lucky,1
Billl,1
Tater,1
Striker,1
Stewie,1
Alfy,1
Rilo,1
Stephanus,1
Siba,1
Barry,1
Dex,1
Champ,1
Sunshine,1
Jockson,1
Arnold,1
Arlen,1
Lipton,1
Bones,1
Pip,1
Blipson,1
Nollie,1
Kathmandu,1
Saydee,1
Ozzie,1
Godzilla,1
Tedders,1
Yukon,1
Berkeley,1
Georgie,1
Cermet,1
Moreton,1
Jennifur,1
Bruiser,1
Caryl,1
Lance,1
Jareld,1
Bauer,1
Grizzie,1
Pablo,1
Simba,1
Timber,1
Murphy,1
Filup,1
Venti,1
Ben,1
Wishes,1
William,1
Lassie,1
Lilly,1
Marty,1
Bradlay,1
Cal,1
Jamesy,1
Pherb,1
Spark,1
Jessiga,1
Leela,1
Newt,1
Brat,1
my,1
Brady,1
Kanu,1
BeBe,1
Horace,1
Bradley,1
Godi,1
Blue,1
Aldrick,1
Clifford,1
Alejandro,1
Ulysses,1
Kloey,1
Kulet,1
Joshwa,1
Fizz,1
Opie,1
Mutt,1
Meyer,1
Eriq,1
Strudel,1
Hurley,1
Izzy,1
Josep,1
Ralphus,1
Katie,1
Timison,1
Ebby,1
Tanner,1
Philbert,1
Dewey,1
O,1
DonDon,1
Iroh,1
Vince,1
Meatball,1
Maude,1
Jimbo,1
Vinnie,1
Brandi,1
Chubbs,1
Tedrick,1
Torque,1
Bluebert,1
Jaycob,1
Bertson,1
Tayzie,1
Teddy,1
Rodman,1
Fabio,1
Al,1
Lambeau,1
Fiji,1
Akumi,1
Petrick,1
Brandonald,1
Sephie,1
Genevieve,1
Trip,1
Puff,1
Maya,1
Tyrus,1
Betty,1
Crimson,1
Augie,1
Thor,1
Cilantro,1
Hector,1
Tuco,1
Strider,1
Chesterson,1
Mason,1
Schnozz,1
Bilbo,1
Leonard,1
Dante,1
Durg,1
Grey,1
Tripp,1
Glenn,1
Fido,1
old,1
Enchilada,1
